,id,hours_type,mon_start,mon_end,mon_overnight,tues_start,tues_end,tues_overnight,wed_start,wed_end,wed_overnight,thurs_start,thurs_end,thurs_overnight,fri_start,fri_end,fri_overnight,sat_start,sat_end,sat_overnight,sun_start,sun_end,sun_overnight
0,2u_w3rthRzR2uEihW5BC4A,REGULAR,1200.0,2200.0,False,1200.0,2200.0,False,1200.0,2200.0,False,1200.0,2200.0,False,1200.0,2230.0,False,1200.0,2230.0,False,1200.0,2200.0,False
1,AGR_kBvN__I7aTl0rBywAg,REGULAR,1130.0,2200.0,False,1130.0,2200.0,False,1130.0,2200.0,False,1130.0,2200.0,False,1130.0,2300.0,False,1100.0,2300.0,False,1100.0,2200.0,False
2,NYa-JphaaB41ElGsb3iawA,REGULAR,1700.0,2100.0,False,1700.0,2100.0,False,1700.0,2100.0,False,1700.0,2100.0,False,1700.0,2200.0,False,1700.0,2200.0,False,1700.0,2100.0,False
4,sA2gVTJOBH7Qk32p48ENdQ,REGULAR,1100.0,2200.0,False,1100.0,2200.0,False,1100.0,2200.0,False,1100.0,2200.0,False,1100.0,2300.0,False,1100.0,2300.0,False,1100.0,2100.0,False
5,yBIN7uSzd5saehWA1I_GBw,REGULAR,1700.0,2100.0,False,1700.0,2200.0,False,1700.0,2200.0,False,1130.0,2200.0,False,1130.0,2200.0,False,1130.0,2200.0,False,1130.0,2100.0,False
6,mP1EdIafQKMuOm9O4PzAfA,REGULAR,1600.0,2300.0,False,1600.0,2300.0,False,1600.0,2300.0,False,1600.0,2300.0,False,1400.0,0.0,False,1030.0,0.0,False,1030.0,2300.0,False
7,u51e3gychuqBYNqe2xG6_w,REGULAR,1600.0,200.0,True,1600.0,200.0,True,1600.0,200.0,True,1600.0,200.0,True,1600.0,200.0,True,1600.0,200.0,True,1600.0,200.0,True
8,xZ22_0eJOgaiKqIhoSHrPw,REGULAR,1130.0,0.0,False,1130.0,0.0,False,1130.0,100.0,True,1130.0,200.0,True,1130.0,200.0,True,930.0,200.0,True,930.0,0.0,False
9,1qwxzGRcU1y3tJrsoYQ4Rw,REGULAR,1100.0,2100.0,False,1100.0,2100.0,False,1100.0,2100.0,False,1100.0,2100.0,False,1100.0,2100.0,False,1600.0,2100.0,False,1600.0,2100.0,False
10,XUepp8T9xSMBuvlEG_-DrQ,REGULAR,1130.0,2100.0,False,1130.0,2100.0,False,1130.0,2100.0,False,1130.0,2100.0,False,1130.0,2200.0,False,1700.0,2200.0,False,1600.0,2100.0,False
11,72PQGMhrEcIuWH-S44TprA,REGULAR,1600.0,2100.0,False,1600.0,2100.0,False,1600.0,2100.0,False,1600.0,2200.0,False,1600.0,2200.0,False,1600.0,2200.0,False,1600.0,2100.0,False
12,nIS4O-TwLYkA_P1Cu0SfhA,REGULAR,1700.0,100.0,True,1700.0,100.0,True,1700.0,100.0,True,1700.0,100.0,True,1600.0,200.0,True,1600.0,200.0,True,1700.0,100.0,True
13,VFvCFOYtyK9ae4Skxvf3vA,REGULAR,1130.0,1900.0,False,1130.0,1900.0,False,1130.0,2100.0,False,1130.0,2100.0,False,1130.0,2100.0,False,1130.0,2100.0,False,1130.0,1700.0,False
14,_QUh5vFHSuw8R_uiFZ7XKQ,REGULAR,1130.0,2200.0,False,1130.0,2200.0,False,1130.0,2200.0,False,1130.0,2200.0,False,1130.0,2300.0,False,1130.0,2300.0,False,1130.0,2200.0,False
15,ooaCl61BsK7kJlZnYOq0UQ,REGULAR,1130.0,2200.0,False,1130.0,2200.0,False,1130.0,2200.0,False,1130.0,2200.0,False,1130.0,2300.0,False,1100.0,2300.0,False,1100.0,2200.0,False
16,367aDatN4B0UNT4hNPMqPQ,REGULAR,1700.0,2300.0,False,1700.0,2300.0,False,1700.0,2300.0,False,1700.0,0.0,False,1700.0,130.0,True,1000.0,130.0,True,1000.0,2300.0,False
17,rcn3L8ZeQebdG0K1RSRKXQ,REGULAR,,,,,,,,,,1700.0,100.0,True,1700.0,100.0,True,1700.0,100.0,True,,,
18,aGYdF_fNHDhFCAnXoTCkGA,REGULAR,1130.0,200.0,True,1130.0,200.0,True,1130.0,200.0,True,1130.0,200.0,True,1130.0,200.0,True,1130.0,200.0,True,1100.0,200.0,True
19,Z6Io2AbJrof7TPVliMZkAg,REGULAR,1100.0,2100.0,False,,,,1100.0,2100.0,False,1100.0,2100.0,False,1100.0,2130.0,False,1100.0,2130.0,False,1100.0,2100.0,False
20,q5HPp961WsjoVDaOmN8SwQ,REGULAR,1700.0,2200.0,False,1700.0,2200.0,False,1700.0,2200.0,False,1700.0,2200.0,False,1700.0,2300.0,False,1700.0,2300.0,False,1700.0,2130.0,False
21,mxjVk5rvPNhzYe_vt3OSQA,REGULAR,,,,,,,1600.0,2100.0,False,1600.0,2100.0,False,1200.0,2200.0,False,1200.0,2200.0,False,1200.0,2100.0,False
22,_98MfEQ67r9-V78gmy8_Pg,REGULAR,1730.0,2230.0,False,1730.0,2230.0,False,1730.0,2230.0,False,1730.0,2230.0,False,1730.0,2300.0,False,1700.0,2300.0,False,1730.0,2200.0,False
23,lCMN0raxlHnBFDoLgkz4sw,REGULAR,700.0,2100.0,False,700.0,2100.0,False,700.0,2100.0,False,700.0,2100.0,False,700.0,2100.0,False,800.0,2100.0,False,800.0,2100.0,False
24,1hWZ0K2DOKZB9Xft08VZ9g,REGULAR,1730.0,2200.0,False,1730.0,2200.0,False,1730.0,2200.0,False,1730.0,2200.0,False,1730.0,2300.0,False,1730.0,2300.0,False,1730.0,2200.0,False
25,poswq7BdLM9Iryd9palDVQ,REGULAR,1700.0,2100.0,False,1700.0,2100.0,False,1700.0,2100.0,False,1700.0,2230.0,False,1700.0,2230.0,False,1700.0,2230.0,False,1700.0,2100.0,False
26,T4nEmSQNeTKnNgcHpnvH0A,REGULAR,1700.0,2100.0,False,1700.0,2100.0,False,1700.0,2100.0,False,1700.0,2100.0,False,1700.0,2130.0,False,1600.0,2130.0,False,1600.0,2130.0,False
27,Q8g68ZDAt93h_n_wTbwshA,REGULAR,1600.0,2200.0,False,1600.0,2200.0,False,1600.0,2200.0,False,1600.0,2200.0,False,1600.0,0.0,False,1600.0,0.0,False,1600.0,2200.0,False
28,fEKzWC1sbfZSElp46FoNag,REGULAR,1730.0,2100.0,False,1730.0,2100.0,False,1730.0,2100.0,False,1730.0,2100.0,False,1730.0,2200.0,False,1730.0,2200.0,False,1730.0,2100.0,False
29,uYqizPy4eUSpwOha0RkVPg,REGULAR,,,,,,,1700.0,2100.0,False,1700.0,2100.0,False,1700.0,2200.0,False,1700.0,2200.0,False,1700.0,2100.0,False
30,nyy38msunExaObJOeH7j0Q,REGULAR,1600.0,2200.0,False,1600.0,2200.0,False,1600.0,2200.0,False,1600.0,0.0,False,1600.0,200.0,True,1100.0,200.0,True,1100.0,2200.0,False
31,5NsdznaNSUmH2O0vuo65Pw,REGULAR,,,,1200.0,2100.0,False,1200.0,2100.0,False,1200.0,2100.0,False,1200.0,2100.0,False,1200.0,2100.0,False,1200.0,2100.0,False
32,55PGG2U1z-q7Z694F-B-_w,REGULAR,1600.0,2300.0,False,1600.0,2300.0,False,1600.0,2300.0,False,1600.0,2300.0,False,1600.0,200.0,True,1200.0,200.0,True,1200.0,2300.0,False
33,7B9dJn1uWTv9QPnFcDwaXw,REGULAR,,,,1600.0,2100.0,False,1600.0,2100.0,False,1600.0,2100.0,False,1600.0,2200.0,False,1130.0,2200.0,False,1130.0,2100.0,False
34,et8Pwzjy2vjRhETAgEZ1Lg,REGULAR,1130.0,2200.0,False,1130.0,2200.0,False,1130.0,2200.0,False,1130.0,2200.0,False,1130.0,2300.0,False,1130.0,2300.0,False,1130.0,2200.0,False
35,E2De90kZUtXIS2dy-vn1yg,REGULAR,1700.0,2130.0,False,1700.0,2130.0,False,1700.0,2130.0,False,1700.0,2130.0,False,1700.0,2200.0,False,1700.0,2230.0,False,1700.0,2130.0,False
36,PUZSvR-nEHlhEi0gSADu7w,REGULAR,1200.0,2100.0,False,1200.0,2100.0,False,1200.0,2100.0,False,1200.0,2100.0,False,1200.0,2130.0,False,1200.0,2130.0,False,1200.0,2100.0,False
37,ecqjHw3jeEApa9eZ622hAA,REGULAR,1130.0,2300.0,False,1130.0,2300.0,False,1130.0,2300.0,False,1130.0,2300.0,False,1130.0,2300.0,False,1130.0,2300.0,False,1200.0,2100.0,False
38,tKRg7pxR2Sw7aSrHTQS5mQ,REGULAR,1200.0,2200.0,False,1200.0,2200.0,False,1200.0,2200.0,False,1200.0,2200.0,False,1200.0,2300.0,False,1100.0,2300.0,False,1700.0,2200.0,False
39,VDmV3tPEQqFxzqQJRJazNw,REGULAR,1100.0,2100.0,False,1100.0,2100.0,False,1100.0,2100.0,False,1100.0,2100.0,False,1100.0,2200.0,False,1100.0,2200.0,False,1100.0,2100.0,False
40,m1ertlgQIxAl74D7nCsvbQ,REGULAR,1130.0,2130.0,False,1130.0,2130.0,False,1130.0,2130.0,False,1130.0,2130.0,False,1130.0,2130.0,False,1000.0,2130.0,False,1000.0,2130.0,False
41,rdpY_LeMnDnfeK47eDnDOw,REGULAR,1000.0,100.0,True,1000.0,100.0,True,1000.0,100.0,True,1000.0,100.0,True,1000.0,100.0,True,900.0,100.0,True,900.0,100.0,True
42,xVxjzyMqghCYwVe_dwJzJw,REGULAR,1700.0,100.0,True,1700.0,100.0,True,1700.0,100.0,True,1700.0,100.0,True,1700.0,100.0,True,1000.0,100.0,True,1000.0,100.0,True
43,eJzWmVgMY5x1n281Qw6YDQ,REGULAR,1600.0,2230.0,False,1600.0,2230.0,False,1600.0,2230.0,False,1600.0,2230.0,False,1100.0,2330.0,False,1100.0,2330.0,False,1100.0,2230.0,False
44,_RWkck7niE8VJG3zLXK2ig,REGULAR,,,,1100.0,200.0,True,1100.0,200.0,True,1100.0,200.0,True,1100.0,200.0,True,1600.0,200.0,True,1600.0,200.0,True
45,8zLHresim_7dPvkYSuBVzA,REGULAR,,,,,,,1700.0,2100.0,False,1700.0,2100.0,False,1700.0,2200.0,False,1700.0,2200.0,False,1700.0,2100.0,False
46,l4YpEuvIm_RqNXleuDIthw,REGULAR,1100.0,2200.0,False,1100.0,2200.0,False,1100.0,2200.0,False,1100.0,2200.0,False,1100.0,2200.0,False,1100.0,2200.0,False,1100.0,2200.0,False
47,gOjh7RMDZDn4h-QmwnAseA,REGULAR,1600.0,2200.0,False,1600.0,2200.0,False,1600.0,2200.0,False,1600.0,2200.0,False,1130.0,2300.0,False,930.0,2300.0,False,930.0,2200.0,False
48,IJ2MnBlIvib0aU2hbmr0hg,REGULAR,1130.0,2200.0,False,1130.0,2200.0,False,1130.0,2200.0,False,1130.0,2200.0,False,1130.0,2200.0,False,1030.0,2200.0,False,1030.0,2200.0,False
49,_VEQpntwiMLUbNPLvxvwzA,REGULAR,1600.0,2200.0,False,1600.0,2200.0,False,1600.0,2200.0,False,1600.0,2200.0,False,1600.0,2230.0,False,1600.0,2230.0,False,1600.0,2100.0,False
50,RDZJY7ls8-2hNkkXFIJg4g,REGULAR,1700.0,2100.0,False,1700.0,2100.0,False,1700.0,2100.0,False,1700.0,2100.0,False,1700.0,2130.0,False,1700.0,2200.0,False,1700.0,2100.0,False
51,LGNpVs8cRBllNVml8wI0Vg,REGULAR,1130.0,2200.0,False,1130.0,2200.0,False,1130.0,2200.0,False,1130.0,2200.0,False,1130.0,2200.0,False,1130.0,2200.0,False,1130.0,2130.0,False
52,l45r09qD9iIkQn9KoKKfuw,REGULAR,1130.0,2200.0,False,1130.0,2200.0,False,1130.0,2200.0,False,1130.0,2300.0,False,1130.0,2300.0,False,1100.0,2300.0,False,1100.0,2200.0,False
53,jIxhHWqxKd5ZWBIEmsFxWQ,REGULAR,1700.0,2300.0,False,1700.0,2300.0,False,1700.0,2300.0,False,1700.0,0.0,False,1200.0,0.0,False,1700.0,0.0,False,1700.0,2300.0,False
54,MKIngNGj0_cBKV4leGuCjw,REGULAR,1500.0,2200.0,False,1200.0,2200.0,False,1200.0,2200.0,False,1200.0,0.0,False,1200.0,0.0,False,1100.0,0.0,False,1100.0,0.0,False
55,bZhUufqdpg5qxsDKpIRv5A,REGULAR,1700.0,2200.0,False,1700.0,2200.0,False,1700.0,2200.0,False,1700.0,2300.0,False,1700.0,2300.0,False,1700.0,2300.0,False,1700.0,2200.0,False
56,q5dHr7QnzUooZ2vSUHyVvg,REGULAR,1200.0,2300.0,False,1200.0,2300.0,False,1200.0,2300.0,False,1200.0,2300.0,False,1145.0,0.0,False,1200.0,0.0,False,1200.0,2300.0,False
57,dXPmYs9b3xyv9Zqa0z8adA,REGULAR,1700.0,2130.0,False,1700.0,2130.0,False,1700.0,2130.0,False,1700.0,2130.0,False,1700.0,2130.0,False,1700.0,2130.0,False,1700.0,2130.0,False
58,8a_P_6kYaIM2HdOEd0xzmg,REGULAR,1700.0,100.0,True,1700.0,100.0,True,1700.0,100.0,True,1700.0,100.0,True,1700.0,100.0,True,1700.0,100.0,True,1700.0,100.0,True
60,fmw_0vST7GjdibObHWLOuQ,REGULAR,1700.0,200.0,True,1700.0,200.0,True,1700.0,200.0,True,1700.0,200.0,True,1700.0,200.0,True,1700.0,200.0,True,1700.0,200.0,True
61,nqKL5PbJbwwoCK_Xon31kA,REGULAR,1130.0,2200.0,False,1130.0,2200.0,False,1130.0,2200.0,False,1130.0,2200.0,False,1130.0,2300.0,False,1130.0,2300.0,False,1130.0,2200.0,False
62,09pqlAR4TSjQXNTiB4cXjw,REGULAR,1600.0,200.0,True,1600.0,200.0,True,1600.0,200.0,True,1600.0,200.0,True,1600.0,200.0,True,1200.0,200.0,True,1600.0,200.0,True
63,I07zWZ_JGqVAp3ZPxIpDYg,REGULAR,1600.0,2200.0,False,1600.0,2200.0,False,1600.0,2200.0,False,1600.0,2200.0,False,1600.0,2200.0,False,1130.0,2200.0,False,1130.0,2200.0,False
64,xVJv__UZMNfW1O4oGUrvWw,REGULAR,1600.0,2200.0,False,1600.0,2200.0,False,1600.0,2200.0,False,1600.0,2200.0,False,1600.0,2230.0,False,1600.0,2230.0,False,1600.0,2200.0,False
65,twXlQB0UMBrAVas53QN9BA,REGULAR,1600.0,2200.0,False,1600.0,2200.0,False,1600.0,2200.0,False,1600.0,2200.0,False,1600.0,2300.0,False,1600.0,2300.0,False,1600.0,2200.0,False
66,geqpfK2WO6uHJCDpNofURA,REGULAR,1700.0,2200.0,False,1700.0,2200.0,False,1700.0,2200.0,False,1700.0,2200.0,False,1700.0,2200.0,False,1700.0,2200.0,False,1700.0,2200.0,False
67,mnFhrH1Fi5GoSuV-5gVpnA,REGULAR,1700.0,2300.0,False,1700.0,2300.0,False,1700.0,2300.0,False,1700.0,2300.0,False,1700.0,2300.0,False,1700.0,2300.0,False,1700.0,2300.0,False
68,oz882XuZCxajKo64Opgq_Q,REGULAR,1200.0,2000.0,False,1200.0,2000.0,False,1200.0,2000.0,False,1200.0,2000.0,False,1200.0,2000.0,False,1200.0,2000.0,False,1200.0,2000.0,False
69,smiGOZuyboXfc8LyC2jXpg,REGULAR,1100.0,2300.0,False,1100.0,2300.0,False,1100.0,2300.0,False,1100.0,2300.0,False,1100.0,2300.0,False,900.0,2300.0,False,900.0,2300.0,False
70,qJxjhLQjLcYnpcqqDHS3Jg,REGULAR,1600.0,2200.0,False,1600.0,2200.0,False,1600.0,2200.0,False,1600.0,2300.0,False,1600.0,2300.0,False,1100.0,2300.0,False,1100.0,2200.0,False
72,47IRTOlC4kjAf1aFKLZDdA,REGULAR,1130.0,2200.0,False,1130.0,2200.0,False,1130.0,2200.0,False,1130.0,2200.0,False,1130.0,2300.0,False,1130.0,2300.0,False,1130.0,2000.0,False
73,7bq2nCYCPuvI5o2GCFRAeg,REGULAR,1600.0,100.0,True,1600.0,100.0,True,1600.0,100.0,True,1600.0,100.0,True,1200.0,100.0,True,1200.0,100.0,True,1200.0,100.0,True
74,9uYa1bl3ajS0R9bRraNkbw,REGULAR,700.0,1600.0,False,700.0,1600.0,False,700.0,1600.0,False,700.0,1600.0,False,700.0,1600.0,False,700.0,1600.0,False,700.0,1600.0,False
75,2v0-gBcXethuNFT6rMGiRw,REGULAR,1130.0,200.0,True,1130.0,200.0,True,1130.0,200.0,True,1130.0,200.0,True,1130.0,200.0,True,900.0,200.0,True,900.0,200.0,True
76,-S_m_GBqkGEjABeO0FaxzA,REGULAR,,,,,,,1100.0,2300.0,False,1100.0,2300.0,False,1100.0,100.0,True,1000.0,100.0,True,900.0,2200.0,False
77,MkjhW1dVbl3e0AxBL0oXKw,REGULAR,1700.0,100.0,True,1700.0,100.0,True,1700.0,100.0,True,1700.0,100.0,True,1700.0,200.0,True,1000.0,200.0,True,1000.0,100.0,True
78,u21_m6mewRV6pTMn9DCosA,REGULAR,1130.0,2300.0,False,1130.0,2300.0,False,1130.0,0.0,False,1130.0,0.0,False,1100.0,100.0,True,1100.0,100.0,True,1100.0,2300.0,False
81,ZrSNKHiKK_PBB6UHx22FaA,REGULAR,1130.0,200.0,True,1130.0,200.0,True,1130.0,200.0,True,1130.0,200.0,True,1130.0,200.0,True,1130.0,200.0,True,1130.0,200.0,True
82,EYMC8NHn6U-4WpLo54dQtw,REGULAR,1600.0,200.0,True,1600.0,200.0,True,1600.0,200.0,True,1600.0,200.0,True,1600.0,200.0,True,1600.0,200.0,True,1600.0,200.0,True
83,uCJqYrBSITSrJBHyMPznwg,REGULAR,1100.0,200.0,True,1100.0,200.0,True,1100.0,200.0,True,1100.0,200.0,True,1100.0,200.0,True,1100.0,200.0,True,1100.0,200.0,True
84,ysxXehAKCjN137hnfpn6yA,REGULAR,1600.0,2300.0,False,1600.0,2300.0,False,1600.0,2300.0,False,1600.0,2300.0,False,1600.0,200.0,True,1100.0,200.0,True,1100.0,2300.0,False
85,n4XrNsqY2Oi1DB7-2hJzTw,REGULAR,1100.0,2330.0,False,1100.0,2330.0,False,1100.0,2330.0,False,1100.0,2330.0,False,1100.0,30.0,True,1100.0,30.0,True,1100.0,2330.0,False
86,GW-qF7xopcwSeQah6Yvtnw,REGULAR,1030.0,200.0,True,1030.0,200.0,True,1030.0,200.0,True,1030.0,200.0,True,1030.0,200.0,True,1100.0,200.0,True,1200.0,200.0,True
87,QULve82crMjaNkgfqfjl2Q,REGULAR,,,,1700.0,0.0,False,1700.0,0.0,False,1700.0,0.0,False,1600.0,200.0,True,1600.0,200.0,True,1000.0,2200.0,False
88,JwJa6nY_wlZEjagVleWQ-Q,REGULAR,1100.0,2100.0,False,1100.0,2100.0,False,1100.0,2100.0,False,1100.0,2100.0,False,1100.0,2200.0,False,1100.0,2200.0,False,1100.0,2100.0,False
89,WESPiF4WcuAYb_r6N4SqgQ,REGULAR,1700.0,100.0,True,1700.0,100.0,True,1700.0,100.0,True,1700.0,200.0,True,1700.0,200.0,True,1700.0,200.0,True,1700.0,2200.0,False
90,Go8U9oJd4CfpO1ik4Z8iKA,REGULAR,1700.0,200.0,True,1700.0,200.0,True,1700.0,200.0,True,1600.0,200.0,True,1600.0,200.0,True,1600.0,200.0,True,1400.0,2200.0,False
91,FioFvBhgVPV2dZW3mxjxQQ,REGULAR,1130.0,100.0,True,1130.0,100.0,True,1130.0,100.0,True,1130.0,100.0,True,1130.0,100.0,True,1030.0,100.0,True,1030.0,100.0,True
93,KeC3GrFHGRl-vRT8LIuB3g,REGULAR,,,,,,,,,,1600.0,2200.0,False,1600.0,2200.0,False,1200.0,2200.0,False,1200.0,1800.0,False
94,lsqYQYGfpe25wUZk9Wybwg,REGULAR,1630.0,2100.0,False,1630.0,2100.0,False,1630.0,2100.0,False,1630.0,2100.0,False,1630.0,2200.0,False,1630.0,2200.0,False,1200.0,2100.0,False
95,QFEEm3joTWU5ZF4suCuRPQ,REGULAR,1130.0,2300.0,False,1130.0,2300.0,False,1130.0,2300.0,False,1130.0,2300.0,False,1130.0,0.0,False,1000.0,0.0,False,1000.0,0.0,False
96,sqr1T-KLQ7ED49SlAEx49w,REGULAR,1700.0,100.0,True,1700.0,100.0,True,1700.0,100.0,True,1700.0,200.0,True,1700.0,200.0,True,1700.0,200.0,True,1700.0,200.0,True
97,wxe0Hxxhv4FQtI8EvrgReA,REGULAR,1130.0,100.0,True,1130.0,100.0,True,1130.0,100.0,True,1130.0,100.0,True,1130.0,100.0,True,900.0,100.0,True,900.0,100.0,True
98,zZ7roMv_c8R4slTMPPdkng,REGULAR,,,,1700.0,100.0,True,1700.0,100.0,True,1700.0,100.0,True,1700.0,100.0,True,1700.0,100.0,True,1700.0,100.0,True
99,7LYzR3mMr0GLEItUxyWY7Q,REGULAR,,,,,,,1630.0,0.0,False,1630.0,0.0,False,1630.0,0.0,False,1630.0,0.0,False,1630.0,0.0,False
100,kOqVXdqRzWIEK7XiQWxmJQ,REGULAR,1200.0,0.0,False,,,,1200.0,0.0,False,1200.0,0.0,False,1200.0,0.0,False,1200.0,0.0,False,1200.0,0.0,False
101,pgb_V3Wk56X5HK1NfLFgcw,REGULAR,1130.0,2300.0,False,1130.0,2300.0,False,1130.0,2300.0,False,1130.0,100.0,True,1130.0,100.0,True,1100.0,100.0,True,1100.0,2200.0,False
102,ZAV8c9iGKV8zWHxOpTxdYQ,REGULAR,1130.0,2130.0,False,1130.0,2130.0,False,1130.0,2130.0,False,1130.0,2130.0,False,1130.0,2230.0,False,1130.0,2230.0,False,1130.0,2130.0,False
103,ElOE7WzFMX8aMS_hkqtX_w,REGULAR,1700.0,0.0,False,1700.0,0.0,False,1700.0,0.0,False,1700.0,0.0,False,1700.0,0.0,False,1000.0,0.0,False,1000.0,0.0,False
104,bMcozrCMkppinCDu0C5ueA,REGULAR,1100.0,2200.0,False,1100.0,2200.0,False,1100.0,2200.0,False,1100.0,2200.0,False,1100.0,2200.0,False,1100.0,2200.0,False,1700.0,2200.0,False
105,iiDu_dHw-uB6kR_hVthKEw,REGULAR,630.0,2300.0,False,630.0,2300.0,False,630.0,2300.0,False,630.0,2300.0,False,630.0,0.0,False,700.0,0.0,False,700.0,2300.0,False
106,cwUUnKCZs8Zild6n2uwiSA,REGULAR,1600.0,0.0,False,1600.0,0.0,False,1600.0,0.0,False,1600.0,0.0,False,1100.0,100.0,True,1100.0,100.0,True,1100.0,0.0,False
107,25DUwcQq4ywNMivBjig2Rg,REGULAR,1700.0,100.0,True,1700.0,100.0,True,1700.0,100.0,True,1700.0,100.0,True,1700.0,100.0,True,1700.0,100.0,True,1700.0,100.0,True
109,7kCMcEEKXqItFv5m0-Yj4g,REGULAR,1100.0,2230.0,False,1100.0,2230.0,False,1100.0,2230.0,False,1100.0,2230.0,False,1100.0,2230.0,False,1100.0,2230.0,False,1100.0,2230.0,False
112,91aDQQV8_OdFC6WIHq4gng,REGULAR,1100.0,2230.0,False,1100.0,2230.0,False,1100.0,2230.0,False,1100.0,2230.0,False,1100.0,2330.0,False,1100.0,2330.0,False,1100.0,2230.0,False
113,XgJWwSXomuSblxFBE-AxpA,REGULAR,1100.0,2200.0,False,1100.0,2200.0,False,1100.0,2200.0,False,1100.0,2300.0,False,1100.0,2300.0,False,1000.0,2300.0,False,1000.0,2200.0,False
114,q57nAhieOJtH1wsXhci0Nw,REGULAR,,,,1700.0,2100.0,False,1700.0,2100.0,False,1700.0,2100.0,False,1700.0,200.0,True,1700.0,200.0,True,,,
116,DrfWREMxP-0JCt5Pz8_sUQ,REGULAR,1130.0,2100.0,False,1130.0,2100.0,False,1130.0,2100.0,False,1130.0,2100.0,False,1130.0,2200.0,False,1130.0,2200.0,False,1130.0,2100.0,False
118,0s8iv660dB30pHK4W1r6KA,REGULAR,1100.0,200.0,True,1100.0,200.0,True,1100.0,200.0,True,1100.0,200.0,True,1100.0,200.0,True,1100.0,200.0,True,1200.0,2330.0,False
120,6sM4hFHheaRNwsd74wplEw,REGULAR,1100.0,130.0,True,1100.0,130.0,True,1100.0,130.0,True,1100.0,130.0,True,1100.0,130.0,True,1000.0,130.0,True,1000.0,130.0,True
121,IjshhPQwClaUK1v7z_7CpQ,REGULAR,1130.0,0.0,False,1130.0,0.0,False,1130.0,0.0,False,1130.0,100.0,True,1130.0,100.0,True,1130.0,100.0,True,1030.0,0.0,False
122,jGennaZUr2MsJyRhijNBfA,REGULAR,600.0,1900.0,False,600.0,1900.0,False,600.0,1900.0,False,600.0,1900.0,False,600.0,1900.0,False,600.0,1900.0,False,600.0,1900.0,False
123,LCFZDAaLRpmaidikraTWiw,REGULAR,1100.0,2200.0,False,1100.0,2200.0,False,1100.0,2200.0,False,1100.0,2200.0,False,1100.0,2200.0,False,1100.0,2200.0,False,1100.0,2200.0,False
124,Rr7rhulFCpGvO341g-EWVg,REGULAR,1130.0,2100.0,False,1130.0,2100.0,False,1130.0,2100.0,False,1130.0,2100.0,False,1130.0,2200.0,False,1130.0,2200.0,False,1130.0,2100.0,False
125,R7peDyHzKTGilwo_1fjt3g,REGULAR,1600.0,2100.0,False,1600.0,2100.0,False,1600.0,2200.0,False,1600.0,2200.0,False,1600.0,2200.0,False,1600.0,2200.0,False,1600.0,2100.0,False
126,VORWx6jgDlWDMv1eXks7PQ,REGULAR,,,,1500.0,2300.0,False,1500.0,2300.0,False,1500.0,0.0,False,1500.0,0.0,False,1200.0,0.0,False,,,
127,RJfovzPhmdt-pYHnFboM8w,REGULAR,1100.0,200.0,True,1100.0,200.0,True,1100.0,200.0,True,1100.0,200.0,True,1100.0,200.0,True,1100.0,200.0,True,1100.0,200.0,True
128,cqQfX8bDkR-7Ijh8JMtqJg,REGULAR,1600.0,2300.0,False,1600.0,2300.0,False,1600.0,2300.0,False,1600.0,2300.0,False,1600.0,0.0,False,1200.0,0.0,False,1200.0,1800.0,False
129,biYgFkftCPue7g3upflUOg,REGULAR,,,,1600.0,2200.0,False,1600.0,2200.0,False,1600.0,2200.0,False,1600.0,2200.0,False,1600.0,2200.0,False,,,
130,n6iTeADfaVagZjsoZZ631A,REGULAR,1100.0,200.0,True,1100.0,200.0,True,1100.0,200.0,True,1100.0,200.0,True,1100.0,200.0,True,1100.0,200.0,True,1100.0,200.0,True
131,eTTnOUoAhbv65vcApwhTgQ,REGULAR,1130.0,0.0,False,1130.0,0.0,False,1130.0,0.0,False,1130.0,200.0,True,1130.0,200.0,True,1000.0,200.0,True,1000.0,0.0,False
132,Uh-vmfKAZAhSeauShT0UEQ,REGULAR,,,,1800.0,2230.0,False,1800.0,2230.0,False,1800.0,2230.0,False,1800.0,2230.0,False,1800.0,2230.0,False,,,
133,tCPxYdZVbsDooH3DQsNLqQ,REGULAR,1200.0,2300.0,False,1200.0,2300.0,False,1200.0,2300.0,False,1200.0,200.0,True,1200.0,200.0,True,1200.0,200.0,True,1200.0,2200.0,False
134,c0d6MwDQGkt4sBLVFQCaMw,REGULAR,,,,1600.0,2200.0,False,1600.0,2200.0,False,1600.0,2200.0,False,1600.0,2300.0,False,1600.0,2300.0,False,1600.0,2200.0,False
135,9XovFXshYZEqA-4v2mzh6g,REGULAR,700.0,100.0,True,700.0,100.0,True,700.0,100.0,True,700.0,100.0,True,700.0,100.0,True,1000.0,100.0,True,1000.0,100.0,True
136,tXiS82voSqoBACDxv1uDTw,REGULAR,1130.0,2100.0,False,1130.0,2100.0,False,1130.0,2100.0,False,1130.0,2100.0,False,1130.0,2100.0,False,1130.0,2100.0,False,1130.0,2100.0,False
137,PBt_sana68L9ZjgQzeJ7zw,REGULAR,1130.0,2300.0,False,1130.0,2300.0,False,1130.0,2300.0,False,1130.0,2300.0,False,1130.0,2300.0,False,1130.0,2300.0,False,1200.0,2300.0,False
138,CWqL2TEq_V9tipCj-X-GoQ,REGULAR,,,,1100.0,2200.0,False,1100.0,2200.0,False,1100.0,2200.0,False,1100.0,2200.0,False,1000.0,2200.0,False,1000.0,2100.0,False
139,4jkGZhbMPUg3Talazishtg,REGULAR,1600.0,2200.0,False,1600.0,2200.0,False,1600.0,2200.0,False,1600.0,2200.0,False,1600.0,2300.0,False,1600.0,2300.0,False,1600.0,2200.0,False
140,vQNe7TD_QDpGtGbkaAqi8Q,REGULAR,,,,1700.0,100.0,True,1700.0,100.0,True,1700.0,100.0,True,1600.0,100.0,True,1530.0,100.0,True,1700.0,100.0,True
141,FYgNCaNNS8-75rYdq7YvhQ,REGULAR,1130.0,2130.0,False,1130.0,2130.0,False,1130.0,2130.0,False,1130.0,2230.0,False,1130.0,2230.0,False,1200.0,2230.0,False,1200.0,2100.0,False
142,Y7B9tTmHPXgNwu5SRGtgtQ,REGULAR,1600.0,2300.0,False,1600.0,2300.0,False,1200.0,2300.0,False,1200.0,2300.0,False,1200.0,0.0,False,1000.0,0.0,False,1000.0,2300.0,False
143,W62OJx5O8xwno-Dn3EuqJw,REGULAR,1030.0,200.0,True,1030.0,200.0,True,1030.0,200.0,True,1030.0,200.0,True,1030.0,200.0,True,1030.0,200.0,True,1030.0,200.0,True
145,273RUO7c-9nYNqIIVdVkjw,REGULAR,1200.0,100.0,True,1200.0,100.0,True,1200.0,100.0,True,1200.0,100.0,True,1200.0,100.0,True,1200.0,100.0,True,1200.0,100.0,True
146,V_6rG2oL56DVDIKPWnZ41A,REGULAR,,,,1700.0,2100.0,False,1700.0,2100.0,False,1700.0,2200.0,False,1700.0,2300.0,False,1130.0,2300.0,False,1130.0,2000.0,False
148,3K13iIrTbHmV-qpvz8C7Ew,REGULAR,1600.0,2200.0,False,1600.0,2200.0,False,1600.0,2200.0,False,1600.0,2200.0,False,1600.0,2300.0,False,1600.0,2300.0,False,1600.0,2200.0,False
149,Svxkliw-2cfHifMK8EvkIQ,REGULAR,1600.0,200.0,True,1600.0,200.0,True,1600.0,200.0,True,1600.0,200.0,True,1600.0,200.0,True,1600.0,200.0,True,1600.0,200.0,True
150,a17mI6DjjfWDL6dpZS6oBg,REGULAR,,,,,,,,,,1600.0,2300.0,False,1600.0,2300.0,False,1000.0,2300.0,False,900.0,2300.0,False
152,V_79WoMIjev8LFMueFJudw,REGULAR,1000.0,200.0,True,1000.0,200.0,True,1000.0,200.0,True,1000.0,200.0,True,1000.0,200.0,True,1000.0,200.0,True,1000.0,200.0,True
153,Hnx34LxtfW4XV0gZ18zMBg,REGULAR,1130.0,0.0,False,1130.0,0.0,False,1130.0,0.0,False,1130.0,0.0,False,1130.0,30.0,True,1000.0,30.0,True,1000.0,0.0,False
154,loRoCo53b30zgHZ_mIMatQ,REGULAR,500.0,2200.0,False,500.0,2200.0,False,500.0,2200.0,False,500.0,2200.0,False,500.0,2200.0,False,500.0,2200.0,False,600.0,2100.0,False
155,mTyK9-_6CYY6XYAG56c68Q,REGULAR,,,,1100.0,200.0,True,1100.0,200.0,True,1100.0,200.0,True,1100.0,200.0,True,1100.0,200.0,True,1100.0,1700.0,False
156,5EmqULtZ3IFZ3hjxyXna5Q,REGULAR,1700.0,2300.0,False,1700.0,2300.0,False,1700.0,2300.0,False,1700.0,0.0,False,1600.0,0.0,False,1600.0,0.0,False,1600.0,2300.0,False
157,zqTD7GlF7NVhbHaFWkDSgg,REGULAR,1700.0,200.0,True,1700.0,200.0,True,1700.0,200.0,True,1700.0,200.0,True,1700.0,200.0,True,1700.0,200.0,True,1700.0,200.0,True
159,3KT0PER90UIxVVx9zuzHVA,REGULAR,700.0,200.0,True,700.0,200.0,True,700.0,200.0,True,700.0,200.0,True,700.0,200.0,True,700.0,200.0,True,700.0,200.0,True
160,W2YNtO5W_ZK6o-1t8uLcYw,REGULAR,1130.0,2130.0,False,1130.0,2130.0,False,1130.0,2130.0,False,1130.0,2130.0,False,1130.0,2230.0,False,1200.0,2230.0,False,,,
161,i9Gi-LSagCrV6pLUfO2-3A,REGULAR,,,,1330.0,2230.0,False,1330.0,2230.0,False,1330.0,2230.0,False,1200.0,2330.0,False,1200.0,2330.0,False,1200.0,2230.0,False
162,cSvpRCBljhJiE6NFZUwK4w,REGULAR,,,,1600.0,100.0,True,1600.0,100.0,True,1600.0,100.0,True,1600.0,200.0,True,1600.0,200.0,True,,,
164,bsGuOhibpJc-MHNXj9kiUg,REGULAR,1130.0,0.0,False,1130.0,0.0,False,1130.0,0.0,False,1130.0,0.0,False,1130.0,200.0,True,1130.0,200.0,True,1130.0,0.0,False
165,nmSiYGAo8YA4oCXjAAgY5g,REGULAR,1100.0,200.0,True,1100.0,200.0,True,1100.0,200.0,True,1100.0,200.0,True,1100.0,200.0,True,900.0,200.0,True,900.0,200.0,True
166,zEel4VKJtybhJurBaHbsuw,REGULAR,1600.0,2300.0,False,1600.0,2300.0,False,1600.0,2300.0,False,1600.0,2300.0,False,1600.0,100.0,True,1600.0,100.0,True,1600.0,2300.0,False
167,itOs1rPS8j8sakiwsl1PEw,REGULAR,700.0,0.0,False,700.0,0.0,False,700.0,0.0,False,700.0,100.0,True,700.0,100.0,True,700.0,100.0,True,700.0,0.0,False
170,xayS1Ht3N8g_YBe1wdEDCg,REGULAR,1100.0,2200.0,False,1100.0,2200.0,False,1100.0,2200.0,False,1100.0,2200.0,False,1100.0,2300.0,False,1100.0,2300.0,False,1100.0,2200.0,False
171,V8_e5MRjfexH4WFBqjDWCg,REGULAR,1000.0,200.0,True,1000.0,200.0,True,1000.0,200.0,True,1000.0,200.0,True,1000.0,200.0,True,1000.0,200.0,True,1000.0,200.0,True
174,e2fLdVyjH_7KqQ6SoDIM0Q,REGULAR,1130.0,2130.0,False,1130.0,2130.0,False,1130.0,2130.0,False,1130.0,2230.0,False,1130.0,2230.0,False,1130.0,2230.0,False,1130.0,2130.0,False
175,IvvgLWS3J6qR4dhYMlDOPA,REGULAR,1130.0,100.0,True,1130.0,100.0,True,1130.0,100.0,True,1130.0,200.0,True,1130.0,200.0,True,1100.0,200.0,True,1130.0,100.0,True
176,ZepRG9iVXXA-u3gH5C-UKA,REGULAR,1100.0,200.0,True,1100.0,200.0,True,1100.0,200.0,True,1100.0,200.0,True,1100.0,200.0,True,1100.0,200.0,True,1100.0,200.0,True
177,DGlk1nTaaRE6uJFJbKv45A,REGULAR,1630.0,2200.0,False,1630.0,2200.0,False,1630.0,2200.0,False,1630.0,2200.0,False,1630.0,2300.0,False,1630.0,2300.0,False,1630.0,2200.0,False
178,Gx0UVCzWbqeUQpXNZU2ftw,REGULAR,1700.0,100.0,True,1700.0,100.0,True,1700.0,100.0,True,1700.0,100.0,True,1500.0,100.0,True,1200.0,100.0,True,1200.0,100.0,True
179,DkhLETFI7Z49Kbsa6E1icA,REGULAR,,,,1700.0,2100.0,False,1700.0,2100.0,False,1700.0,2100.0,False,1700.0,2300.0,False,1700.0,2300.0,False,,,
180,m5jCNOs6QG75lkzLhMMryA,REGULAR,1130.0,200.0,True,1130.0,200.0,True,1130.0,200.0,True,1130.0,200.0,True,1130.0,200.0,True,1130.0,200.0,True,1200.0,200.0,True
181,dz2OSto01aMIWkGHXd8lOg,REGULAR,1600.0,2100.0,False,1600.0,2100.0,False,1600.0,2100.0,False,1600.0,2100.0,False,1600.0,2200.0,False,1100.0,2200.0,False,1100.0,2100.0,False
182,9VGECwLbj29RljD2WVSzaw,REGULAR,1600.0,0.0,False,1130.0,0.0,False,1130.0,0.0,False,1130.0,0.0,False,1130.0,100.0,True,1500.0,100.0,True,1200.0,2200.0,False
183,WDpPZYEZhf7LLv3PyTeb4Q,REGULAR,,,,1200.0,2000.0,False,1200.0,2000.0,False,1200.0,2100.0,False,1200.0,2200.0,False,1100.0,2200.0,False,1100.0,1800.0,False
184,kiEx6SbKY69fgDF-KVpEWA,REGULAR,1130.0,2200.0,False,1130.0,2200.0,False,1130.0,2200.0,False,1130.0,2200.0,False,1130.0,2300.0,False,1130.0,2230.0,False,1130.0,2230.0,False
185,HL7Kfo9S3eKgJJAEVQ2rbw,REGULAR,1700.0,2200.0,False,1700.0,2200.0,False,1700.0,2200.0,False,1700.0,2200.0,False,1700.0,2300.0,False,1100.0,2300.0,False,1100.0,2100.0,False
186,P9AJqEYOT--zGRfK7QQlmQ,REGULAR,,,,1600.0,0.0,False,1600.0,0.0,False,1600.0,0.0,False,1600.0,0.0,False,1100.0,0.0,False,1000.0,1700.0,False
187,Oj5Seggqo_2FfKSjcAg7yw,REGULAR,1700.0,2300.0,False,1700.0,2300.0,False,1700.0,200.0,True,1700.0,100.0,True,1700.0,200.0,True,1700.0,200.0,True,1700.0,2300.0,False
189,C8-SeZtLTvzZjxB5ObhRjw,REGULAR,1600.0,2200.0,False,1600.0,2200.0,False,1600.0,2200.0,False,1600.0,2200.0,False,1200.0,2200.0,False,1200.0,2200.0,False,1200.0,2200.0,False
192,gwiBd_RCD2Hcd3_ESjyMbA,REGULAR,1100.0,2200.0,False,1100.0,2200.0,False,1100.0,2200.0,False,1100.0,2200.0,False,1100.0,2300.0,False,1100.0,2300.0,False,1100.0,2200.0,False
193,AOiNvHQUa5tAJN7Xt4176A,REGULAR,1500.0,2300.0,False,1500.0,2300.0,False,1500.0,2300.0,False,1500.0,200.0,True,1000.0,200.0,True,1000.0,200.0,True,1000.0,0.0,False
194,ZfGuMUhFbSBx0yAKc0GPIA,REGULAR,,,,,,,1600.0,2200.0,False,1600.0,2200.0,False,1600.0,2300.0,False,1000.0,2300.0,False,1000.0,1500.0,False
196,CkmykRQcSfIsbb62F4NQoQ,REGULAR,1100.0,2100.0,False,1100.0,2100.0,False,1100.0,2100.0,False,1100.0,2100.0,False,1100.0,2200.0,False,1100.0,2200.0,False,1100.0,2100.0,False
198,TLtykd3vG5_BG-8MP66RHg,REGULAR,1500.0,2300.0,False,1500.0,2300.0,False,1500.0,2300.0,False,1500.0,2300.0,False,1500.0,0.0,False,1200.0,0.0,False,1400.0,2200.0,False
199,U4C0Bgoeqev9Ee1_upRccQ,REGULAR,,,,,,,1600.0,2200.0,False,1600.0,2200.0,False,1600.0,2200.0,False,1500.0,2200.0,False,1500.0,2100.0,False
200,DZnhcxnSys_emI7ZHd5jYg,REGULAR,700.0,0.0,False,700.0,0.0,False,700.0,0.0,False,700.0,0.0,False,700.0,0.0,False,700.0,0.0,False,700.0,0.0,False
201,e3ub67T0KLXf61S9if9fvg,REGULAR,1100.0,200.0,True,1100.0,200.0,True,1100.0,200.0,True,1100.0,200.0,True,1100.0,200.0,True,1100.0,200.0,True,1100.0,200.0,True
203,w2uRbCHkWjjHzHnYRsG-EQ,REGULAR,1600.0,2300.0,False,1600.0,2300.0,False,1600.0,2300.0,False,1600.0,100.0,True,1600.0,200.0,True,1100.0,200.0,True,1100.0,2100.0,False
204,0goWTmfdgwOe6b-pPPp3Gg,REGULAR,1100.0,2200.0,False,1100.0,2200.0,False,1100.0,2200.0,False,1100.0,2200.0,False,1100.0,2230.0,False,1100.0,2230.0,False,,,
205,SvMVqEWYJXPOr6vJlRYnrg,REGULAR,1200.0,2100.0,False,1200.0,2100.0,False,1200.0,2100.0,False,1200.0,2100.0,False,1200.0,2100.0,False,1000.0,2200.0,False,1000.0,2100.0,False
206,5-yfhwOIkUhvDE_O9E0EjQ,REGULAR,1600.0,2100.0,False,1600.0,2100.0,False,1600.0,2100.0,False,1600.0,2100.0,False,1600.0,2200.0,False,1200.0,2200.0,False,1200.0,2100.0,False
207,gkCSVmq6Mx8Z04KzkrHzCA,REGULAR,,,,1700.0,2100.0,False,1700.0,2100.0,False,1700.0,2100.0,False,1700.0,2200.0,False,1700.0,2200.0,False,,,
208,taSC4yudIFopVkXi1y0qTA,REGULAR,600.0,2000.0,False,600.0,2000.0,False,600.0,2000.0,False,600.0,2000.0,False,600.0,2000.0,False,600.0,2000.0,False,600.0,2000.0,False
209,VEmNgxY90VOc5HNprOiXlw,REGULAR,1600.0,2200.0,False,1600.0,2200.0,False,1600.0,2200.0,False,1600.0,2200.0,False,1600.0,2300.0,False,1600.0,2300.0,False,1600.0,2100.0,False
210,jARXdEubmCxBtN55PYVd7w,REGULAR,1700.0,100.0,True,1700.0,100.0,True,1700.0,100.0,True,1700.0,100.0,True,1700.0,100.0,True,1100.0,100.0,True,1100.0,100.0,True
211,DkuCJwpeiGhW41EEcOKweg,REGULAR,1600.0,2200.0,False,1600.0,2200.0,False,1600.0,2200.0,False,1200.0,2300.0,False,1200.0,0.0,False,700.0,0.0,False,700.0,2200.0,False
212,n5c-AeQYPJxIpjiuOKjxOg,REGULAR,,,,,,,1500.0,2200.0,False,1500.0,2200.0,False,1500.0,200.0,True,2100.0,200.0,True,,,
214,OxobKchEqJU2BZi6qc0QBA,REGULAR,1130.0,100.0,True,1130.0,100.0,True,1130.0,100.0,True,1130.0,100.0,True,1130.0,100.0,True,1130.0,100.0,True,1200.0,100.0,True
215,r2CqNYEZyVT3Ay9DRYeF9w,REGULAR,1600.0,2300.0,False,1600.0,2300.0,False,1600.0,2300.0,False,1600.0,2300.0,False,1200.0,0.0,False,1100.0,0.0,False,1100.0,2100.0,False
220,mmJ2ixPN8NIkEEIM4oHd8g,REGULAR,1600.0,2300.0,False,1600.0,2300.0,False,1600.0,2300.0,False,1500.0,100.0,True,1500.0,100.0,True,1130.0,100.0,True,1130.0,2300.0,False
222,JdVlUaXM9aZQ68tjgonszw,REGULAR,1200.0,2100.0,False,1200.0,2100.0,False,1200.0,2100.0,False,1200.0,2100.0,False,1200.0,2200.0,False,1200.0,2200.0,False,1200.0,2100.0,False
223,vCaaXCYqpBsxJy2kBR67IA,REGULAR,,,,1600.0,30.0,True,1600.0,30.0,True,1600.0,200.0,True,1600.0,200.0,True,1630.0,200.0,True,,,
224,fUXHR5XBFa4qV_NvPXpuAA,REGULAR,1600.0,0.0,False,1600.0,0.0,False,1600.0,0.0,False,1600.0,0.0,False,1100.0,0.0,False,1100.0,0.0,False,1100.0,2200.0,False
225,sXLcNEfvFvIe1-HPAhRh8w,REGULAR,1500.0,2000.0,False,1500.0,2100.0,False,1500.0,2100.0,False,1130.0,2100.0,False,1130.0,2200.0,False,1130.0,2200.0,False,1130.0,2000.0,False
226,TIdF3xCwr--XdC1QEUxaJA,REGULAR,1600.0,100.0,True,1600.0,100.0,True,1600.0,100.0,True,1600.0,100.0,True,1600.0,100.0,True,1600.0,100.0,True,,,
228,2OPwmUgtjb3nhClb7IEOxA,REGULAR,,,,1130.0,2000.0,False,1130.0,2000.0,False,1130.0,2000.0,False,1130.0,2100.0,False,1130.0,2100.0,False,,,
230,0fbJdAPMHQBUGl4aNsg7-Q,REGULAR,1130.0,2200.0,False,1130.0,2200.0,False,1130.0,2200.0,False,1130.0,2200.0,False,1130.0,2300.0,False,1130.0,2300.0,False,1130.0,2200.0,False
231,VGU8Cy97So-jQCtWLKO6bA,REGULAR,1600.0,2300.0,False,1600.0,2300.0,False,1600.0,2300.0,False,1600.0,100.0,True,1600.0,130.0,True,1030.0,130.0,True,1030.0,2200.0,False
232,JEbgVwRUsQ3arKPhGXQj7Q,REGULAR,,,,,,,1700.0,2200.0,False,1700.0,2200.0,False,1700.0,2200.0,False,1700.0,2200.0,False,,,
233,J4UsOYwRprbJXIVB_NcldQ,REGULAR,1600.0,2200.0,False,1600.0,2200.0,False,1600.0,2200.0,False,1600.0,2200.0,False,1600.0,2200.0,False,1200.0,2200.0,False,1200.0,2100.0,False
235,ZQNf8895P81vjCfyipjhYw,REGULAR,,,,1600.0,200.0,True,1600.0,200.0,True,1600.0,200.0,True,1600.0,200.0,True,1600.0,200.0,True,,,
239,8M0tAAyPMfsvHNWWUQ237Q,REGULAR,1000.0,200.0,True,1000.0,200.0,True,1000.0,200.0,True,1000.0,200.0,True,1000.0,200.0,True,1000.0,200.0,True,1000.0,200.0,True
240,pwejc1NUK6cQz7aK_4XYEQ,REGULAR,1700.0,0.0,False,1700.0,0.0,False,1700.0,0.0,False,1700.0,0.0,False,1700.0,200.0,True,1700.0,200.0,True,1700.0,2200.0,False
241,r7-YSA7Z8p4KISZ-jEww5A,REGULAR,1130.0,2100.0,False,1130.0,2100.0,False,1130.0,2100.0,False,1130.0,2100.0,False,1130.0,2200.0,False,1130.0,2200.0,False,1130.0,2100.0,False
242,wFSkfP9aE_F99p-K00JA4w,REGULAR,1130.0,2200.0,False,1130.0,2200.0,False,1130.0,2200.0,False,1130.0,2200.0,False,1130.0,2200.0,False,1100.0,2200.0,False,1100.0,2200.0,False
243,K676uk86gZfTBbXw9TvbMw,REGULAR,1600.0,0.0,False,1600.0,0.0,False,1600.0,0.0,False,1600.0,0.0,False,1600.0,0.0,False,1600.0,0.0,False,1200.0,2000.0,False
244,uUMnZINNYCvgdX7jla4PLA,REGULAR,1130.0,2300.0,False,1130.0,2300.0,False,1130.0,2300.0,False,1130.0,2300.0,False,1130.0,0.0,False,1130.0,0.0,False,1130.0,2300.0,False
245,Qfh5uqZMzS5XB-7GXsgUhw,REGULAR,,,,,,,1600.0,2300.0,False,1600.0,2300.0,False,1600.0,0.0,False,1100.0,0.0,False,1100.0,2100.0,False
246,nBG0C0J7bnBnUMB39F5O-A,REGULAR,1200.0,2200.0,False,1200.0,2200.0,False,1200.0,2200.0,False,1200.0,2200.0,False,1200.0,2300.0,False,1100.0,2300.0,False,1000.0,2200.0,False
247,D37JiBDWxz130VOHIjQhxA,REGULAR,,,,,,,1700.0,2100.0,False,1700.0,2100.0,False,1700.0,2100.0,False,1700.0,2100.0,False,,,
248,arnbjQR2n0-6-iqdBB_gHw,REGULAR,1100.0,200.0,True,1100.0,200.0,True,1100.0,200.0,True,1100.0,200.0,True,1100.0,200.0,True,1000.0,200.0,True,1000.0,200.0,True
251,X0mY5Pf7Fj_kfWmwDEqwdQ,REGULAR,1600.0,200.0,True,1600.0,200.0,True,1600.0,200.0,True,1600.0,200.0,True,1600.0,200.0,True,1100.0,200.0,True,1100.0,200.0,True
252,vRlGCME1KCFPQc_hW2AVlA,REGULAR,,,,1200.0,2100.0,False,1200.0,2100.0,False,1200.0,2200.0,False,1200.0,2200.0,False,1200.0,2200.0,False,,,
256,DIRXMPneSiHoOani8QnI3A,REGULAR,1600.0,200.0,True,1600.0,200.0,True,1600.0,200.0,True,1600.0,200.0,True,1600.0,200.0,True,1400.0,200.0,True,1600.0,200.0,True
258,D0XChUzTgYwOzU33n4W59g,REGULAR,1200.0,2000.0,False,,,,1200.0,2000.0,False,1200.0,2000.0,False,1200.0,2200.0,False,1200.0,2200.0,False,1200.0,2000.0,False
259,Zm29bLI2eYCevnse4n2U1g,REGULAR,900.0,2300.0,False,900.0,2300.0,False,900.0,2300.0,False,900.0,2300.0,False,900.0,2300.0,False,800.0,2300.0,False,800.0,2300.0,False
261,um4x6dIkv8w2a4e0VkRNmA,REGULAR,,,,1530.0,2300.0,False,1530.0,2300.0,False,1530.0,2300.0,False,1530.0,100.0,True,1530.0,100.0,True,1230.0,2300.0,False
262,W0Lmpe7yIVercq9ouNzrxA,REGULAR,1100.0,2200.0,False,1100.0,2200.0,False,1100.0,2200.0,False,1100.0,2200.0,False,1100.0,2300.0,False,1100.0,2300.0,False,1100.0,2300.0,False
264,IeJ6oKr3MW5bSlwmlkknwg,REGULAR,1600.0,0.0,False,1600.0,0.0,False,1600.0,0.0,False,1600.0,200.0,True,1600.0,200.0,True,1100.0,200.0,True,1100.0,0.0,False
265,7ldhMPx4MBqQu_1Yj61T-w,REGULAR,1500.0,100.0,True,1500.0,100.0,True,1500.0,100.0,True,1500.0,100.0,True,1500.0,100.0,True,1500.0,100.0,True,1500.0,100.0,True
266,VxoRKAebGksNn5ewTGGxQQ,REGULAR,700.0,0.0,False,700.0,0.0,False,700.0,0.0,False,700.0,0.0,False,700.0,0.0,False,700.0,0.0,False,700.0,0.0,False
267,nfZLdMmcqPbmSooutrc9yQ,REGULAR,1100.0,1700.0,False,,,,1100.0,1700.0,False,1100.0,2100.0,False,1100.0,1700.0,False,1100.0,1700.0,False,1100.0,1700.0,False
269,aehgQxttnq8h6LEKsu9T7g,REGULAR,1130.0,200.0,True,1130.0,200.0,True,1130.0,200.0,True,1130.0,200.0,True,1130.0,200.0,True,1100.0,200.0,True,1100.0,200.0,True
270,I2DIg6ZRkA1PNCf5zWeAFw,REGULAR,630.0,2200.0,False,630.0,2200.0,False,630.0,2200.0,False,630.0,2200.0,False,630.0,2200.0,False,700.0,2200.0,False,700.0,2200.0,False
271,THeSIOFvgOMoq7_iXQxFCw,REGULAR,1130.0,2100.0,False,1130.0,2100.0,False,1130.0,2100.0,False,1130.0,2200.0,False,1130.0,2200.0,False,1130.0,2200.0,False,1130.0,2100.0,False
272,XCPxbHLo0kmWSQv3ZqJvBg,REGULAR,1600.0,100.0,True,1600.0,100.0,True,1600.0,100.0,True,1600.0,100.0,True,1600.0,100.0,True,1100.0,100.0,True,1100.0,100.0,True
275,UAtX7xmIfdd1W2Pebf6NWg,REGULAR,1100.0,100.0,True,1100.0,100.0,True,1100.0,100.0,True,1100.0,100.0,True,1100.0,100.0,True,1100.0,100.0,True,1200.0,100.0,True
277,mI7qw74vuPgf4LJWH3M2oA,REGULAR,1130.0,200.0,True,1130.0,200.0,True,1130.0,200.0,True,1130.0,200.0,True,1130.0,200.0,True,1700.0,200.0,True,1700.0,200.0,True
278,LSmYTw4HvU0lDBK4Mg2KyQ,REGULAR,1130.0,100.0,True,1130.0,100.0,True,1130.0,100.0,True,1130.0,100.0,True,1130.0,100.0,True,1100.0,100.0,True,1100.0,100.0,True
279,vxkOVmhReRa4XYfAT1hMxA,REGULAR,1200.0,2230.0,False,1200.0,2230.0,False,1200.0,2230.0,False,1200.0,2230.0,False,1200.0,2330.0,False,1100.0,2330.0,False,1100.0,2230.0,False
281,VjU5s6LPOksItZRUDT-g0Q,REGULAR,1100.0,100.0,True,1100.0,100.0,True,1100.0,100.0,True,1100.0,100.0,True,1100.0,100.0,True,1100.0,100.0,True,1100.0,100.0,True
282,25sny_QPRSFNxCPqu1oRqw,REGULAR,1100.0,0.0,False,1100.0,0.0,False,1130.0,2100.0,False,1100.0,0.0,False,1100.0,1400.0,False,1030.0,1400.0,False,1000.0,0.0,False
283,l6Ye6vPB6ZPZbxVxMMgvPQ,REGULAR,,,,1100.0,2300.0,False,1100.0,2300.0,False,1100.0,2300.0,False,1100.0,100.0,True,1100.0,100.0,True,1200.0,2300.0,False
284,CJ0DuAPIract7wPMWgsXbg,REGULAR,1200.0,100.0,True,1200.0,100.0,True,1200.0,100.0,True,1200.0,100.0,True,1200.0,100.0,True,1200.0,100.0,True,1200.0,100.0,True
285,M0fRUDEo9mbnZFXhvshlFw,REGULAR,1600.0,2300.0,False,1600.0,2300.0,False,1600.0,2300.0,False,1600.0,100.0,True,1600.0,100.0,True,1100.0,100.0,True,1100.0,2200.0,False
286,kZtRAdoLiIXSrNOee9FvXA,REGULAR,,,,,,,800.0,1600.0,False,800.0,1600.0,False,800.0,1600.0,False,800.0,1600.0,False,800.0,1500.0,False
287,uMZoY7AyG08rnN-YiQN7fA,REGULAR,,,,1500.0,0.0,False,1500.0,0.0,False,1200.0,0.0,False,1200.0,200.0,True,1200.0,200.0,True,,,
288,IhjP8q2cHol4ziuiDFdK2Q,REGULAR,1600.0,2130.0,False,1600.0,2130.0,False,1600.0,2130.0,False,1600.0,2130.0,False,1600.0,2130.0,False,1100.0,2130.0,False,1100.0,2130.0,False
291,4lMpwHFzxmirHqLSsj8BjQ,REGULAR,1700.0,2300.0,False,1700.0,2300.0,False,1700.0,2300.0,False,1700.0,2300.0,False,1700.0,0.0,False,1030.0,0.0,False,1030.0,2300.0,False
293,KZvguSQqWh9Jl_LGgKTTAg,REGULAR,,,,,,,1100.0,2300.0,False,1100.0,2330.0,False,1100.0,2330.0,False,1000.0,2330.0,False,1000.0,2300.0,False
294,yXVgVKV-Ek_tE9EZXMVTEQ,REGULAR,1100.0,200.0,True,1100.0,200.0,True,1100.0,200.0,True,1100.0,200.0,True,1100.0,200.0,True,1100.0,200.0,True,1100.0,200.0,True
295,nvlxtOwbGqPW8E6_sYTfvw,REGULAR,1700.0,2200.0,False,1700.0,2200.0,False,1700.0,2200.0,False,1700.0,2200.0,False,1700.0,2300.0,False,1700.0,2300.0,False,1700.0,2200.0,False
297,KcHqZ_IQMHhrL0y9PakxJA,REGULAR,1400.0,100.0,True,1400.0,100.0,True,1400.0,100.0,True,1400.0,200.0,True,1400.0,200.0,True,1400.0,200.0,True,1400.0,100.0,True
300,ru2PbckR1YiXNggUVL_kEw,REGULAR,,,,1130.0,0.0,False,1130.0,0.0,False,1130.0,0.0,False,1130.0,100.0,True,1600.0,100.0,True,,,
301,fKRNzZM4XWlPiCPdjMUYNg,REGULAR,1600.0,200.0,True,1600.0,200.0,True,1600.0,200.0,True,1600.0,200.0,True,1200.0,200.0,True,1200.0,200.0,True,1200.0,200.0,True
303,t77sOZmbHMB6n3whAQT8MA,REGULAR,,,,1600.0,2300.0,False,1600.0,2300.0,False,1600.0,2300.0,False,1600.0,100.0,True,1100.0,100.0,True,,,
304,01_V3jriaILJvam7JVSFTg,REGULAR,1100.0,2300.0,False,1100.0,2300.0,False,1100.0,2300.0,False,1100.0,2300.0,False,1100.0,100.0,True,1000.0,100.0,True,1000.0,2300.0,False
309,MUA4S74hYjUGVtDNf8tj6w,REGULAR,1700.0,2300.0,False,1700.0,2300.0,False,1700.0,2300.0,False,1700.0,2300.0,False,1100.0,2300.0,False,1030.0,2300.0,False,1030.0,2200.0,False
310,lcarZ5Oj_pWYoENAEK2t8A,REGULAR,1130.0,100.0,True,1130.0,100.0,True,1130.0,100.0,True,1130.0,100.0,True,1130.0,200.0,True,1000.0,200.0,True,1000.0,100.0,True
312,UoAbVHm6A04avk-QIhiWYQ,REGULAR,900.0,200.0,True,900.0,200.0,True,900.0,200.0,True,900.0,200.0,True,900.0,200.0,True,900.0,200.0,True,1200.0,200.0,True
316,V-dVahKTe8d5ikGUvgXzzA,REGULAR,430.0,2030.0,False,430.0,2030.0,False,430.0,2030.0,False,430.0,2030.0,False,430.0,2030.0,False,430.0,2030.0,False,430.0,2030.0,False
320,8I275yw-PcoFgiXROgdFMA,REGULAR,,,,1600.0,2200.0,False,1600.0,2200.0,False,1600.0,2200.0,False,1600.0,2300.0,False,1200.0,2300.0,False,1200.0,2000.0,False
321,YGSacISAJEsEGrBKFwR0Gg,REGULAR,,,,1600.0,0.0,False,1600.0,0.0,False,1600.0,0.0,False,1600.0,0.0,False,1600.0,0.0,False,1600.0,0.0,False
323,9hTI2_9upvC5JI0oju1PtQ,REGULAR,1100.0,200.0,True,1100.0,200.0,True,1100.0,200.0,True,1100.0,200.0,True,1100.0,200.0,True,1100.0,200.0,True,1100.0,200.0,True
324,5Jm8du6LOoQGvGcaDuVj7w,REGULAR,1100.0,2300.0,False,1100.0,2300.0,False,1100.0,2300.0,False,1100.0,2300.0,False,1100.0,100.0,True,1100.0,100.0,True,1100.0,2300.0,False
325,fY2abIK1h4s6sUbgWu4bPQ,REGULAR,,,,1700.0,0.0,False,1700.0,0.0,False,1700.0,100.0,True,1700.0,100.0,True,1700.0,100.0,True,,,
329,h7ENzK5Vp6f1j6iU-U3g4w,REGULAR,1100.0,100.0,True,1100.0,100.0,True,1100.0,100.0,True,1100.0,100.0,True,1100.0,100.0,True,900.0,100.0,True,900.0,100.0,True
332,Q1TofnFQ4sMFA47sGYAyeg,REGULAR,,,,,,,1500.0,2200.0,False,1500.0,2200.0,False,1130.0,2300.0,False,1130.0,2300.0,False,1130.0,2200.0,False
333,ph3SOdb_khwezTiKtwh04w,REGULAR,,,,,,,,,,,,,1100.0,200.0,True,1100.0,200.0,True,1100.0,200.0,True
335,DoxJ_ELGpQHDtuCNXEWtCw,REGULAR,1130.0,200.0,True,1130.0,200.0,True,1130.0,200.0,True,1130.0,200.0,True,1130.0,200.0,True,1100.0,200.0,True,1100.0,0.0,False
337,2dLtQKsWeA2NsgmUbHG1zw,REGULAR,,,,,,,,,,1800.0,200.0,True,1800.0,200.0,True,1800.0,200.0,True,,,
342,xMnAsMSgTtMy7DT-En7qOQ,REGULAR,1100.0,2130.0,False,1100.0,2130.0,False,1100.0,2130.0,False,1100.0,2130.0,False,1100.0,2130.0,False,1100.0,2130.0,False,1100.0,2130.0,False
343,bFuUggRPBrXbSQqUbpUgUw,REGULAR,1100.0,2000.0,False,1100.0,2000.0,False,1100.0,2000.0,False,1100.0,2000.0,False,1100.0,2000.0,False,,,,,,
344,-bC1fMN5kQgFruzUR8E_RA,REGULAR,1130.0,100.0,True,1130.0,100.0,True,1130.0,100.0,True,1130.0,200.0,True,1130.0,200.0,True,1130.0,200.0,True,1130.0,100.0,True
346,T3afYS4ZJ5dTf-2YtkPEFw,REGULAR,630.0,2300.0,False,630.0,2300.0,False,630.0,2300.0,False,630.0,2300.0,False,630.0,0.0,False,700.0,0.0,False,700.0,2300.0,False
349,l5r5mdi099B9zwyVL-5-Lg,REGULAR,800.0,200.0,True,800.0,200.0,True,800.0,200.0,True,800.0,200.0,True,800.0,200.0,True,800.0,200.0,True,800.0,200.0,True
350,SCXfxp-mF-S2YoLqfYMSEA,REGULAR,,,,1500.0,2045.0,False,1500.0,2045.0,False,1500.0,2045.0,False,1130.0,1645.0,False,1130.0,1645.0,False,1300.0,1645.0,False
351,ZFCJr_QRGPVKerWCkvR7SA,REGULAR,1130.0,30.0,True,1130.0,30.0,True,1130.0,30.0,True,1130.0,30.0,True,1130.0,100.0,True,1130.0,100.0,True,1130.0,30.0,True
352,g_1zgYJqkm3w9FeKaOYgcA,REGULAR,1100.0,2300.0,False,1100.0,2300.0,False,1100.0,2300.0,False,1100.0,2300.0,False,1100.0,2300.0,False,1100.0,2300.0,False,1100.0,2300.0,False
355,goj3-MeDiCS2soysk6AaSQ,REGULAR,1600.0,100.0,True,1600.0,100.0,True,1600.0,100.0,True,1600.0,100.0,True,1600.0,100.0,True,1600.0,100.0,True,1600.0,100.0,True
356,X05LWeDT93dhQkDyCG8IeA,REGULAR,,,,,,,1700.0,2200.0,False,1700.0,2200.0,False,1700.0,2300.0,False,1700.0,2300.0,False,1200.0,2100.0,False
358,5KHaTbBgPPvnfK8VNoMEgw,REGULAR,1700.0,2230.0,False,1700.0,2230.0,False,1700.0,2230.0,False,1700.0,2230.0,False,1700.0,2300.0,False,1700.0,2300.0,False,1700.0,2230.0,False
359,3IRA159ZbwTAEL3WqcZZiA,REGULAR,,,,,,,1600.0,0.0,False,1600.0,0.0,False,1200.0,0.0,False,1200.0,0.0,False,,,
363,Je42YeoIWbMUQphd-UsKLA,REGULAR,1100.0,200.0,True,1100.0,200.0,True,1100.0,200.0,True,1100.0,200.0,True,1100.0,200.0,True,1100.0,200.0,True,1100.0,200.0,True
364,pzCrO7RatLAB9ThsOSRu9A,REGULAR,1100.0,100.0,True,1100.0,100.0,True,1100.0,100.0,True,1100.0,100.0,True,1100.0,100.0,True,1000.0,100.0,True,1000.0,100.0,True
365,0gCdE3fsWJ86YCT8Hnk9oQ,REGULAR,900.0,100.0,True,900.0,100.0,True,900.0,100.0,True,900.0,100.0,True,900.0,200.0,True,900.0,200.0,True,900.0,100.0,True
368,PkSaTVkRMXUcsrAJHxPI2w,REGULAR,1600.0,2200.0,False,1600.0,2200.0,False,1600.0,2300.0,False,1600.0,2300.0,False,1600.0,2300.0,False,1600.0,2300.0,False,1600.0,2200.0,False
370,f0Av9RuE2a6KSULJsOyZzg,REGULAR,1600.0,2100.0,False,1600.0,2100.0,False,1600.0,2100.0,False,1600.0,2100.0,False,1600.0,2200.0,False,1600.0,2200.0,False,1600.0,2000.0,False
375,YH0FSXmqDIQ9klGphid6zw,REGULAR,430.0,2100.0,False,430.0,2100.0,False,430.0,2100.0,False,430.0,2100.0,False,430.0,2100.0,False,430.0,1930.0,False,430.0,2100.0,False
386,m0b79jiAXpcvJXyZlu82UA,REGULAR,1700.0,2100.0,False,1700.0,2100.0,False,1700.0,2200.0,False,1700.0,2200.0,False,1700.0,2300.0,False,1700.0,2300.0,False,1700.0,2200.0,False
390,MjopvJwjCbOtsLvkUxUZNQ,REGULAR,1600.0,0.0,False,1600.0,0.0,False,1600.0,0.0,False,1600.0,0.0,False,,,,1800.0,200.0,True,1100.0,1900.0,False
391,mVX6Q-eDhctEpDSkcyL8Yg,REGULAR,,,,1700.0,2300.0,False,1700.0,2300.0,False,1700.0,2300.0,False,1700.0,100.0,True,1200.0,100.0,True,1200.0,1900.0,False
398,fuKPtwD0JcQniFnMXlHq1g,REGULAR,1500.0,0.0,False,1500.0,0.0,False,1500.0,0.0,False,1500.0,0.0,False,1600.0,100.0,True,1400.0,100.0,True,1400.0,2200.0,False
404,X6megK3Vz4xMquw2f233xQ,REGULAR,1130.0,200.0,True,1130.0,200.0,True,1130.0,200.0,True,1130.0,200.0,True,1130.0,200.0,True,1200.0,200.0,True,1200.0,200.0,True
408,mZh4fZUoxiQobYEVDq4I4A,REGULAR,1100.0,2200.0,False,1100.0,2200.0,False,1100.0,2200.0,False,1100.0,2200.0,False,1100.0,2200.0,False,1100.0,2200.0,False,1100.0,2200.0,False
415,RdxN5oT8r6DF0P3PNV1Owg,REGULAR,1600.0,0.0,False,1600.0,100.0,True,1600.0,100.0,True,1600.0,100.0,True,1600.0,100.0,True,1600.0,100.0,True,1600.0,0.0,False
416,0JmI7_Z2PAWOm-i0BvJt-g,REGULAR,800.0,100.0,True,800.0,100.0,True,800.0,100.0,True,800.0,100.0,True,800.0,100.0,True,800.0,100.0,True,1000.0,100.0,True
417,PN04vq-DXd4ui4umYSfBqA,REGULAR,,,,,,,1700.0,100.0,True,1700.0,100.0,True,1700.0,100.0,True,1700.0,100.0,True,,,
418,exsfTTerWm9yiIqITRgcVw,REGULAR,1500.0,2200.0,False,1000.0,2200.0,False,1200.0,2200.0,False,1200.0,2200.0,False,1200.0,2300.0,False,1200.0,2300.0,False,1200.0,2000.0,False
419,MNnwd70_DpD2R9RfXHGaCw,REGULAR,1600.0,100.0,True,1600.0,100.0,True,1200.0,100.0,True,1200.0,100.0,True,1200.0,100.0,True,1200.0,100.0,True,1200.0,100.0,True
423,3edYNqlyo-x9ygEuw-SmOw,REGULAR,1700.0,0.0,False,1700.0,0.0,False,1700.0,0.0,False,1700.0,0.0,False,1700.0,0.0,False,1130.0,0.0,False,1130.0,0.0,False
425,MUs4mWUZWzR4UabPKeq-Gg,REGULAR,700.0,1900.0,False,700.0,1900.0,False,700.0,1900.0,False,700.0,1900.0,False,700.0,1900.0,False,,,,,,
431,Ta0fmDvhG7SjcAjADFTntw,REGULAR,,,,1700.0,2230.0,False,1700.0,2230.0,False,1700.0,2230.0,False,1700.0,2230.0,False,1700.0,2230.0,False,,,
434,mwBqWoRMUhj-CF2c7vXeNg,REGULAR,,,,1600.0,2100.0,False,1600.0,2000.0,False,1600.0,2100.0,False,1600.0,2200.0,False,1200.0,2200.0,False,1300.0,2000.0,False
441,STgopLVLqcFNLRl-2H3VSw,REGULAR,1700.0,2300.0,False,1700.0,2300.0,False,1700.0,2300.0,False,1700.0,200.0,True,1700.0,200.0,True,1700.0,200.0,True,1200.0,2300.0,False
445,v92qIZUQ61rrqvK0w7UpJQ,REGULAR,1130.0,200.0,True,1130.0,200.0,True,1130.0,200.0,True,1130.0,200.0,True,1130.0,200.0,True,1130.0,200.0,True,1130.0,200.0,True
446,kDMGeJU4chpwqto5Tx0dag,REGULAR,430.0,2000.0,False,430.0,2000.0,False,430.0,2000.0,False,430.0,2000.0,False,430.0,2000.0,False,430.0,2000.0,False,430.0,2030.0,False
448,SIeBfrz-i310tqCA5lVEgg,REGULAR,1100.0,200.0,True,1100.0,200.0,True,1100.0,200.0,True,1100.0,200.0,True,1100.0,200.0,True,1100.0,200.0,True,1200.0,200.0,True
452,waOC8XHN3fripEZyFvLbhw,REGULAR,1600.0,200.0,True,1600.0,200.0,True,1600.0,200.0,True,1600.0,200.0,True,1600.0,200.0,True,1200.0,200.0,True,1200.0,200.0,True
453,FK2GaRPMyrA5oxZYToqTsw,REGULAR,800.0,200.0,True,800.0,200.0,True,800.0,200.0,True,800.0,200.0,True,800.0,200.0,True,800.0,200.0,True,1200.0,200.0,True
454,E8F4QcCBTXimwnJLbnt94g,REGULAR,1600.0,100.0,True,1600.0,100.0,True,1600.0,100.0,True,1600.0,100.0,True,1500.0,100.0,True,1100.0,100.0,True,1100.0,100.0,True
456,mkCTMbS4E-g2aC1oUTAuig,REGULAR,1600.0,0.0,False,1600.0,0.0,False,1600.0,0.0,False,1600.0,200.0,True,1600.0,200.0,True,1100.0,200.0,True,1600.0,0.0,False
457,JX8z_4daLZFoeju7cccS-w,REGULAR,,,,,,,1600.0,2200.0,False,1600.0,2200.0,False,1600.0,2200.0,False,1600.0,2200.0,False,,,
460,B5yYnr3KY1RuGy6L1Y8AWw,REGULAR,1400.0,0.0,False,1400.0,0.0,False,1400.0,0.0,False,1400.0,0.0,False,1400.0,200.0,True,1100.0,200.0,True,1100.0,0.0,False
462,xLiiQ-MV2ZVpYtu9Sht4hw,REGULAR,1130.0,200.0,True,1130.0,200.0,True,1130.0,200.0,True,1130.0,200.0,True,1130.0,200.0,True,1200.0,200.0,True,1200.0,200.0,True
464,c81oaaBKc7XJmoHGCudSOg,REGULAR,1100.0,100.0,True,1100.0,100.0,True,1100.0,100.0,True,1100.0,100.0,True,1100.0,100.0,True,1100.0,100.0,True,1100.0,100.0,True
469,FRTe-NhnFL5A6ByDiQngPA,REGULAR,1200.0,200.0,True,1200.0,200.0,True,1200.0,200.0,True,1200.0,200.0,True,1200.0,200.0,True,1200.0,200.0,True,1200.0,200.0,True
473,vrsi4DnsDNI6yLHxK37LQQ,REGULAR,,,,2300.0,200.0,True,,,,2300.0,200.0,True,2300.0,200.0,True,2200.0,200.0,True,,,
478,jrmvJb674XPvrUJndopavQ,REGULAR,1100.0,2300.0,False,1100.0,2300.0,False,1100.0,2300.0,False,1100.0,2300.0,False,1100.0,1200.0,False,1000.0,1200.0,False,1000.0,2200.0,False
486,eZgmfqTW8oKCbhXM3fKV2w,REGULAR,1000.0,0.0,False,1000.0,0.0,False,1000.0,0.0,False,1000.0,0.0,False,1000.0,0.0,False,1000.0,0.0,False,0.0,0.0,True
490,5zHk4iADzrzZdgf979xekg,REGULAR,1200.0,200.0,True,1200.0,200.0,True,1200.0,200.0,True,1200.0,200.0,True,1200.0,200.0,True,1200.0,200.0,True,,,
491,_r-_-RwNGItX9BlloFU4Yg,REGULAR,1700.0,200.0,True,1700.0,200.0,True,1700.0,200.0,True,1700.0,200.0,True,1700.0,200.0,True,1700.0,200.0,True,1700.0,200.0,True
507,2mYabDGiwYidfct2Z7lFHA,REGULAR,,,,,,,1100.0,2200.0,False,1100.0,2200.0,False,1100.0,2300.0,False,1100.0,2300.0,False,1100.0,2200.0,False
513,JzFweQSjdivBYiLA96UF5Q,REGULAR,1100.0,2300.0,False,1100.0,2300.0,False,1100.0,2300.0,False,1100.0,2300.0,False,1100.0,2300.0,False,1100.0,2300.0,False,1100.0,2300.0,False
514,nvSIoGq_vt_VTrJBqgF4Gg,REGULAR,1600.0,100.0,True,1600.0,100.0,True,1600.0,100.0,True,1600.0,100.0,True,1600.0,100.0,True,1600.0,100.0,True,,,
516,Zk2hzvQKq065gTwvAsFt8A,REGULAR,1600.0,200.0,True,1600.0,200.0,True,1600.0,200.0,True,1600.0,200.0,True,1600.0,200.0,True,1600.0,200.0,True,1600.0,200.0,True
527,FrpCL_7B9UsbjZEvV_g15A,REGULAR,1600.0,2300.0,False,1600.0,2300.0,False,1600.0,2300.0,False,1600.0,2300.0,False,1600.0,0.0,False,1200.0,0.0,False,1200.0,2300.0,False
532,6uuWg3RYUYzrLePphT3PQw,REGULAR,1100.0,30.0,True,1100.0,30.0,True,1100.0,30.0,True,1100.0,30.0,True,1100.0,30.0,True,1100.0,30.0,True,1100.0,30.0,True
534,xiHvrOv3lYI4_8bvZEljwQ,REGULAR,900.0,100.0,True,900.0,100.0,True,900.0,100.0,True,900.0,100.0,True,900.0,100.0,True,900.0,100.0,True,,,
549,Msh7LxQIyT80_NHYW3TJtw,REGULAR,1730.0,2200.0,False,1730.0,2200.0,False,1730.0,2200.0,False,1730.0,2200.0,False,1730.0,2200.0,False,1730.0,2200.0,False,700.0,1200.0,False
551,FeQRtvoJy9mymH3tLhULeA,REGULAR,700.0,2200.0,False,700.0,2200.0,False,700.0,2200.0,False,700.0,2200.0,False,700.0,2300.0,False,700.0,2300.0,False,700.0,2200.0,False
559,F9CV9OuIhW-pm-PKKFXVBA,REGULAR,630.0,1100.0,False,1600.0,2100.0,False,1600.0,2100.0,False,1600.0,2100.0,False,1600.0,2100.0,False,1600.0,2100.0,False,700.0,1100.0,False
566,bpuQzgbzKohXD8MuE6ZCaw,REGULAR,630.0,30.0,True,630.0,30.0,True,630.0,30.0,True,630.0,30.0,True,630.0,30.0,True,630.0,30.0,True,630.0,30.0,True
586,zMDMx_QggIRrxF4jz0eJSw,REGULAR,1130.0,2200.0,False,1130.0,2300.0,False,1130.0,2300.0,False,1130.0,2300.0,False,1130.0,2300.0,False,1130.0,2300.0,False,1130.0,2200.0,False
590,F6MfpZNj2aP-0PouHw5lvw,REGULAR,,,,,,,,,,2200.0,200.0,True,2200.0,200.0,True,2200.0,200.0,True,,,
610,BwMgGcFcoW-MBl4lSs2rww,REGULAR,600.0,2300.0,False,600.0,2300.0,False,600.0,2300.0,False,600.0,2300.0,False,600.0,2300.0,False,600.0,2300.0,False,600.0,2300.0,False
617,tQmz0EYJ00iAHjIQAqj36Q,REGULAR,1000.0,1700.0,False,1000.0,1700.0,False,2300.0,200.0,True,2300.0,200.0,True,2300.0,200.0,True,2300.0,200.0,True,,,
619,5ruGfyUB9m2YoRIR8MPVJQ,REGULAR,0.0,0.0,True,0.0,0.0,True,0.0,0.0,True,0.0,0.0,True,0.0,0.0,True,0.0,0.0,True,0.0,0.0,True
625,Ly94YK6oyke0snic78jvGA,REGULAR,1630.0,2030.0,False,1215.0,2145.0,False,1630.0,2145.0,False,1215.0,1545.0,False,1215.0,2145.0,False,1215.0,2145.0,False,1215.0,2145.0,False
628,9mClygXHgT32dBxwBvGLww,REGULAR,630.0,1100.0,False,1700.0,2200.0,False,1700.0,2200.0,False,1700.0,2200.0,False,1700.0,2200.0,False,1700.0,2200.0,False,700.0,1200.0,False
638,L2zm50qWyTTqgdESwal6Xg,REGULAR,,,,1600.0,2200.0,False,1600.0,2200.0,False,1600.0,2200.0,False,1700.0,2300.0,False,1700.0,2300.0,False,700.0,1200.0,False
652,oIzfAg8hEkzVrxTJaIfoPQ,REGULAR,,,,,,,,,,1700.0,100.0,True,1700.0,100.0,True,1700.0,100.0,True,1700.0,100.0,True
655,VmTM6BGkDSCxDJvSYdRVAA,REGULAR,1100.0,100.0,True,1100.0,100.0,True,1100.0,100.0,True,1100.0,200.0,True,1100.0,200.0,True,1100.0,200.0,True,1100.0,100.0,True
660,-iQO1GmmIReyXyFRYuA8Pw,REGULAR,700.0,2300.0,False,700.0,2300.0,False,700.0,2300.0,False,700.0,2300.0,False,700.0,2300.0,False,700.0,2300.0,False,700.0,2300.0,False
663,PwBCC_agCOk_6nAYguKZeQ,REGULAR,1400.0,0.0,False,1400.0,0.0,False,1400.0,0.0,False,1400.0,0.0,False,1400.0,0.0,False,1200.0,0.0,False,1200.0,0.0,False
668,OS1Za1kPBk8z4s02ELPxZA,REGULAR,700.0,2130.0,False,700.0,2130.0,False,700.0,2130.0,False,700.0,2130.0,False,700.0,2130.0,False,700.0,2130.0,False,700.0,2130.0,False
686,aAntWIjPrU3Pf4Pr_m7dBg,REGULAR,1200.0,100.0,True,1200.0,100.0,True,1200.0,100.0,True,1200.0,200.0,True,1200.0,200.0,True,700.0,200.0,True,700.0,100.0,True
692,FmeBrlXYHsEfHuRiSSSthg,REGULAR,400.0,2200.0,False,400.0,2200.0,False,400.0,2200.0,False,400.0,2200.0,False,400.0,2200.0,False,400.0,2200.0,False,,,
709,xbhwSeVNLo5PUJmN3hfIUQ,REGULAR,,,,,,,,,,2200.0,200.0,True,2200.0,200.0,True,2200.0,200.0,True,,,
714,yEYnx5P2WM_e0M0Pvsvztg,REGULAR,1630.0,100.0,True,1630.0,100.0,True,1630.0,100.0,True,1630.0,100.0,True,1630.0,100.0,True,1630.0,100.0,True,1630.0,100.0,True
717,wZYwI0gvk88NT6Y5az0EdQ,REGULAR,500.0,1700.0,False,500.0,1700.0,False,500.0,1700.0,False,500.0,1700.0,False,500.0,1700.0,False,500.0,1700.0,False,500.0,1700.0,False
720,Z9ANWCS4ndxWy9wKM1ButA,REGULAR,1130.0,200.0,True,1130.0,200.0,True,1130.0,200.0,True,1130.0,200.0,True,1130.0,200.0,True,1130.0,200.0,True,1200.0,200.0,True
722,t4bCeA429AP4LxxyPLxxBQ,REGULAR,,,,,,,,,,,,,2230.0,200.0,True,2230.0,200.0,True,1700.0,2300.0,False
734,1gqr3FWG4mIhmFetBZWlDg,REGULAR,1700.0,2330.0,False,1700.0,2330.0,False,1700.0,2330.0,False,1700.0,2330.0,False,1700.0,2330.0,False,1700.0,2330.0,False,1700.0,2330.0,False
738,KXgSYTxqC31XKzVHi7c5Dw,REGULAR,1800.0,0.0,False,1800.0,0.0,False,1800.0,0.0,False,1800.0,0.0,False,2000.0,0.0,False,2000.0,0.0,False,,,
753,cvRz6IlHaUFXGRUTNGrb0Q,REGULAR,1600.0,2200.0,False,1600.0,2200.0,False,1600.0,2200.0,False,1600.0,2200.0,False,1600.0,2200.0,False,,,,,,
842,1hju79jdCKIe68csk-kNrA,REGULAR,,,,1700.0,2100.0,False,1700.0,2100.0,False,1700.0,2100.0,False,1700.0,2100.0,False,1700.0,2100.0,False,,,
866,i0dBqL0SnzXji0q2zzR1wA,REGULAR,600.0,2000.0,False,600.0,2000.0,False,600.0,2000.0,False,600.0,2000.0,False,600.0,2000.0,False,600.0,2000.0,False,600.0,2000.0,False
890,M6u5Jv_n1vlHDH0oFh4dww,REGULAR,1200.0,2000.0,False,1200.0,2000.0,False,1200.0,2000.0,False,1200.0,2000.0,False,1200.0,2000.0,False,1200.0,2000.0,False,1200.0,2000.0,False
